{"type": "SampleSet", "version": {"sampleset_schema": "3.2.0"}, "num_variables": 12, "num_rows": 38, "sample_data": {"type": "array", "data": [[3850], [3857], [3668], [3682], [3745], [3724], [3408], [3240], [1557], [2693], [2882], [1578], [3352], [1564], [1571], [2756], [2819], [3296], [3184], [2630], [1550], [1585], [3464], [2945], [3605], [3920], [3717], [3906], [3780], [3843], [2626], [3336], [3168], [3861], [3924], [2240], [3683], [3496]], "data_type": "uint32", "shape": [38, 1], "use_bytes": false}, "sample_type": "int8", "sample_packed": true, "vectors": {"energy": {"type": "array", "data": [0.25000000000000044, 0.25, 0.25, 0.25000000000000044, 0.25, 0.25000000000000044, 0.30000000000000027, 0.2999999999999994, 0.30000000000000004, 0.30000000000000004, 0.30000000000000027, 0.2999999999999994, 0.5, 0.5, 0.5, 0.5, 0.5, 0.5000000000000004, 0.7799999999999998, 0.7800000000000007, 0.7800000000000007, 0.7799999999999998, 0.7800000000000007, 0.7799999999999994, 1.4500000000000004, 1.4500000000000002, 1.4500000000000004, 1.4500000000000015, 1.6500000000000008, 1.6500000000000004, 2.18, 2.220000000000001, 2.2200000000000006, 2.37, 2.3700000000000006, 2.4299999999999997, 2.6500000000000004, 2.9], "data_type": "float64", "shape": [38], "use_bytes": false}, "num_occurrences": {"type": "array", "data": [6, 4, 3, 3, 5, 3, 7, 1, 2, 4, 2, 5, 10, 6, 1, 3, 3, 2, 2, 2, 3, 2, 2, 2, 1, 1, 1, 2, 2, 1, 1, 2, 1, 1, 1, 1, 1, 1], "data_type": "int64", "shape": [38], "use_bytes": false}, "chain_break_fraction": {"type": "array", "data": [0, 0, 0, 0, 0, 0, 0, 0, 0, 0, 0, 0, 0, 0, 0, 0, 0, 0, 0, 0, 0, 0, 0, 0, 0, 0, 0, 0, 0, 0, 0, 0, 0, 0, 0, 0, 0.08333333333333333, 0], "data_type": "float64", "shape": [38], "use_bytes": false}}, "variable_labels": ["x[0][0]", "x[0][1]", "x[0][2]", "x[1][0]", "x[1][1]", "x[1][2]", "x[2][0]", "x[2][1]", "x[2][2]", "y[0]", "y[1]", "y[2]"], "variable_type": "BINARY", "info": {"timing": {"qpu_sampling_time": 12594.0, "qpu_anneal_time_per_sample": 20.0, "qpu_readout_time_per_sample": 85.4, "qpu_access_time": 28355.17, "qpu_access_overhead_time": 1420.83, "qpu_programming_time": 15761.17, "qpu_delay_time_per_sample": 20.54, "total_post_processing_time": 211.0, "post_processing_overhead_time": 211.0}, "problem_id": "5dcc84f5-8938-4a71-982b-a4cb71243458", "embedding_context": {"embedding": {"x[2][0]": [3345], "x[2][1]": [3330, 137], "x[1][0]": [122], "y[1]": [3435], "x[1][1]": [3495, 152], "x[0][1]": [3450], "x[1][2]": [3420], "y[2]": [32], "x[2][2]": [3315, 197], "y[0]": [198], "x[0][2]": [183, 182], "x[0][0]": [3480, 167]}, "chain_break_method": "majority_vote", "embedding_parameters": {}, "chain_strength": 2.361083634096852}}}