{"type": "SampleSet", "version": {"sampleset_schema": "3.2.0"}, "num_variables": 12, "num_rows": 33, "sample_data": {"type": "array", "data": [[1578], [2882], [2693], [3240], [3408], [1557], [3745], [3682], [3850], [3668], [3857], [3724], [1571], [3296], [2819], [2756], [3352], [1564], [1585], [3184], [2630], [3717], [3626], [3752], [3612], [3924], [3152], [3168], [1548], [3796], [3866], [3865], [2949]], "data_type": "uint32", "shape": [33, 1], "use_bytes": false}, "sample_type": "int8", "sample_packed": true, "vectors": {"energy": {"type": "array", "data": [0.1333999999999982, 0.1333999999999982, 0.13339999999999996, 0.1333999999999982, 0.13339999999999907, 0.13339999999999996, 0.3399999999999985, 0.3399999999999981, 0.3399999999999981, 0.33999999999999897, 0.3399999999999994, 0.3399999999999981, 0.5781999999999989, 0.578200000000002, 0.5781999999999989, 0.5782000000000007, 0.5781999999999989, 0.5781999999999989, 1.4678, 1.467799999999999, 1.4677999999999987, 1.6744000000000003, 1.6743999999999977, 1.674399999999998, 2.1191999999999984, 2.1725999999999983, 2.3007999999999993, 2.356599999999998, 2.3565999999999985, 2.5615999999999985, 2.561600000000001, 2.8955999999999986, 3.3004000000000007], "data_type": "float64", "shape": [33], "use_bytes": false}, "num_occurrences": {"type": "array", "data": [5, 5, 6, 5, 6, 6, 3, 3, 5, 5, 3, 8, 2, 3, 1, 2, 7, 8, 1, 1, 2, 1, 1, 1, 2, 1, 1, 1, 1, 1, 1, 1, 1], "data_type": "int64", "shape": [33], "use_bytes": false}, "chain_break_fraction": {"type": "array", "data": [0, 0, 0, 0, 0, 0, 0, 0, 0, 0, 0, 0, 0, 0, 0, 0, 0, 0, 0, 0, 0, 0, 0, 0, 0, 0, 0, 0, 0, 0, 0, 0, 0], "data_type": "float64", "shape": [33], "use_bytes": false}}, "variable_labels": ["x[0][0]", "x[0][1]", "x[0][2]", "x[1][0]", "x[1][1]", "x[1][2]", "x[2][0]", "x[2][1]", "x[2][2]", "y[0]", "y[1]", "y[2]"], "variable_type": "BINARY", "info": {"timing": {"qpu_sampling_time": 9426.0, "qpu_anneal_time_per_sample": 20.0, "qpu_readout_time_per_sample": 53.72, "qpu_access_time": 25187.17, "qpu_access_overhead_time": 2039.83, "qpu_programming_time": 15761.17, "qpu_delay_time_per_sample": 20.54, "total_post_processing_time": 164.0, "post_processing_overhead_time": 164.0}, "problem_id": "a1854b77-5783-4c11-86d8-74e638632184", "embedding_context": {"embedding": {"x[2][0]": [2684], "x[2][1]": [5519], "x[1][0]": [5624, 2624], "y[1]": [2639], "x[1][1]": [2564, 5563], "x[0][1]": [2669], "x[1][2]": [5578, 2579], "y[2]": [2699], "x[2][2]": [5504], "y[0]": [5669], "x[0][2]": [2654], "x[0][0]": [5654]}, "chain_break_method": "majority_vote", "embedding_parameters": {}, "chain_strength": 2.7261296307388463}}}