{"type": "SampleSet", "version": {"sampleset_schema": "3.2.0"}, "num_variables": 12, "num_rows": 25, "sample_data": {"type": "array", "data": [[3240], [3408], [2882], [1578], [1557], [3850], [3857], [3682], [3724], [3668], [3296], [2756], [2819], [1571], [3352], [1564], [2630], [3605], [3922], [1064], [2626], [3168], [1548], [1048], [3676]], "data_type": "uint32", "shape": [25, 1], "use_bytes": false}, "sample_type": "int8", "sample_packed": true, "vectors": {"energy": {"type": "array", "data": [0.1333999999999982, 0.13339999999999907, 0.1333999999999982, 0.1333999999999982, 0.13339999999999996, 0.3399999999999981, 0.3399999999999994, 0.3399999999999981, 0.3399999999999981, 0.33999999999999897, 0.578200000000002, 0.5782000000000007, 0.5781999999999989, 0.5781999999999989, 0.5781999999999989, 0.5781999999999989, 1.4677999999999987, 1.6743999999999994, 2.116799999999998, 2.149999999999999, 2.300799999999999, 2.356599999999998, 2.3565999999999985, 2.5389999999999993, 2.895599999999998], "data_type": "float64", "shape": [25], "use_bytes": false}, "num_occurrences": {"type": "array", "data": [5, 8, 6, 13, 4, 6, 3, 7, 5, 6, 2, 4, 5, 4, 8, 3, 1, 1, 1, 3, 1, 1, 1, 1, 1], "data_type": "int64", "shape": [25], "use_bytes": false}, "chain_break_fraction": {"type": "array", "data": [0, 0, 0, 0, 0, 0, 0, 0, 0, 0, 0, 0, 0, 0, 0, 0, 0, 0, 0, 0, 0, 0, 0, 0, 0], "data_type": "float64", "shape": [25], "use_bytes": false}}, "variable_labels": ["x[0][0]", "x[0][1]", "x[0][2]", "x[1][0]", "x[1][1]", "x[1][2]", "x[2][0]", "x[2][1]", "x[2][2]", "y[0]", "y[1]", "y[2]"], "variable_type": "BINARY", "info": {"timing": {"qpu_sampling_time": 11012.0, "qpu_anneal_time_per_sample": 20.0, "qpu_readout_time_per_sample": 69.58, "qpu_access_time": 26770.77, "qpu_access_overhead_time": 2198.23, "qpu_programming_time": 15758.77, "qpu_delay_time_per_sample": 20.54, "total_post_processing_time": 1869.0, "post_processing_overhead_time": 1869.0}, "problem_id": "dcfcf8ca-a3cb-4fea-b3b4-4840db97158a", "embedding_context": {"embedding": {"x[2][0]": [4793, 4792], "x[2][1]": [1495], "x[1][0]": [4837, 1465], "y[1]": [4807], "x[1][1]": [1480], "x[0][1]": [4867], "x[1][2]": [4822], "y[2]": [4778], "x[2][2]": [4852, 1585], "y[0]": [4882], "x[0][2]": [1420], "x[0][0]": [1435]}, "chain_break_method": "majority_vote", "embedding_parameters": {}, "chain_strength": 2.7261296307388463}}}