{"type": "SampleSet", "version": {"sampleset_schema": "3.2.0"}, "num_variables": 12, "num_rows": 33, "sample_data": {"type": "array", "data": [[3857], [3724], [3668], [3850], [3745], [3682], [1578], [3408], [3240], [1557], [2693], [2882], [1564], [3352], [2756], [3296], [2819], [1571], [3464], [1585], [3184], [2630], [1550], [3626], [3906], [3717], [3843], [3780], [1556], [515], [3747], [3868], [2384]], "data_type": "uint32", "shape": [33, 1], "use_bytes": false}, "sample_type": "int8", "sample_packed": true, "vectors": {"energy": {"type": "array", "data": [0.25, 0.25000000000000044, 0.25, 0.25000000000000044, 0.25, 0.25000000000000044, 0.2999999999999994, 0.30000000000000027, 0.2999999999999994, 0.30000000000000004, 0.30000000000000004, 0.30000000000000027, 0.5, 0.5, 0.5, 0.5000000000000004, 0.5, 0.5, 0.7800000000000007, 0.7799999999999998, 0.7799999999999998, 0.7800000000000007, 0.7800000000000007, 1.4499999999999997, 1.4500000000000015, 1.4500000000000004, 1.6500000000000004, 1.6500000000000008, 2.1, 2.4299999999999997, 2.5299999999999994, 2.5700000000000007, 2.9500000000000006], "data_type": "float64", "shape": [33], "use_bytes": false}, "num_occurrences": {"type": "array", "data": [6, 2, 7, 1, 5, 7, 2, 8, 4, 5, 4, 7, 3, 2, 4, 10, 1, 1, 2, 2, 3, 2, 1, 1, 1, 2, 1, 1, 1, 1, 1, 1, 1], "data_type": "int64", "shape": [33], "use_bytes": false}, "chain_break_fraction": {"type": "array", "data": [0, 0, 0, 0, 0, 0, 0, 0, 0, 0, 0, 0, 0, 0, 0, 0, 0, 0, 0, 0, 0, 0, 0, 0, 0, 0, 0, 0, 0, 0, 0, 0, 0], "data_type": "float64", "shape": [33], "use_bytes": false}}, "variable_labels": ["x[0][0]", "x[0][1]", "x[0][2]", "x[1][0]", "x[1][1]", "x[1][2]", "x[2][0]", "x[2][1]", "x[2][2]", "y[0]", "y[1]", "y[2]"], "variable_type": "BINARY", "info": {"timing": {"qpu_sampling_time": 9594.0, "qpu_anneal_time_per_sample": 20.0, "qpu_readout_time_per_sample": 55.4, "qpu_access_time": 25352.77, "qpu_access_overhead_time": 651.23, "qpu_programming_time": 15758.77, "qpu_delay_time_per_sample": 20.54, "total_post_processing_time": 434.0, "post_processing_overhead_time": 434.0}, "problem_id": "cefd78dc-e7ab-4da0-9af3-23a4cba1874e", "embedding_context": {"embedding": {"x[2][0]": [3713, 1639], "x[2][1]": [3758, 1699], "x[1][0]": [1594], "y[1]": [3803], "x[1][1]": [3788], "x[0][1]": [1654], "x[1][2]": [1609], "y[2]": [1624], "x[2][2]": [3773, 1759], "y[0]": [1669], "x[0][2]": [3728], "x[0][0]": [3743]}, "chain_break_method": "majority_vote", "embedding_parameters": {}, "chain_strength": 2.361083634096852}}}