{"type": "SampleSet", "version": {"sampleset_schema": "3.2.0"}, "num_variables": 12, "num_rows": 33, "sample_data": {"type": "array", "data": [[2630], [1585], [3464], [2945], [1550], [3184], [3668], [3682], [3857], [3745], [3850], [3724], [3240], [3408], [1578], [1557], [2882], [2693], [3352], [2756], [3296], [1571], [1564], [3598], [3752], [1553], [2626], [3212], [1072], [3336], [1548], [1048], [3186]], "data_type": "uint32", "shape": [33, 1], "use_bytes": false}, "sample_type": "int8", "sample_packed": true, "vectors": {"energy": {"type": "array", "data": [0.13349999999999973, 0.13349999999999884, 0.13349999999999795, 0.13349999999999884, 0.13349999999999884, 0.13349999999999795, 0.3400999999999974, 0.34009999999999696, 0.34009999999999874, 0.34009999999999696, 0.34009999999999874, 0.3400999999999974, 0.35589999999999833, 0.3558999999999979, 0.3558999999999992, 0.3558999999999988, 0.3559000000000001, 0.3558999999999988, 1.1342999999999992, 1.1343, 1.1343000000000014, 1.1342999999999979, 1.1342999999999992, 1.6744999999999988, 1.896899999999998, 2.0226999999999986, 2.0226999999999995, 2.0230999999999977, 2.1499999999999995, 2.300899999999999, 2.300899999999999, 2.816899999999999, 4.967699999999999], "data_type": "float64", "shape": [33], "use_bytes": false}, "num_occurrences": {"type": "array", "data": [3, 6, 7, 3, 4, 13, 10, 3, 2, 2, 2, 4, 7, 2, 1, 5, 1, 5, 1, 3, 1, 2, 2, 1, 1, 1, 1, 1, 1, 2, 1, 1, 1], "data_type": "int64", "shape": [33], "use_bytes": false}, "chain_break_fraction": {"type": "array", "data": [0, 0, 0, 0, 0, 0, 0, 0, 0, 0, 0, 0, 0, 0, 0, 0, 0, 0, 0, 0, 0, 0, 0, 0, 0, 0, 0, 0, 0, 0, 0, 0, 0.08333333333333333], "data_type": "float64", "shape": [33], "use_bytes": false}}, "variable_labels": ["x[0][0]", "x[0][1]", "x[0][2]", "x[1][0]", "x[1][1]", "x[1][2]", "x[2][0]", "x[2][1]", "x[2][2]", "y[0]", "y[1]", "y[2]"], "variable_type": "BINARY", "info": {"timing": {"qpu_sampling_time": 13016.0, "qpu_anneal_time_per_sample": 20.0, "qpu_readout_time_per_sample": 89.62, "qpu_access_time": 28774.37, "qpu_access_overhead_time": 2974.63, "qpu_programming_time": 15758.37, "qpu_delay_time_per_sample": 20.54, "total_post_processing_time": 146.0, "post_processing_overhead_time": 146.0}, "problem_id": "c5535bb8-70dd-4f3b-a117-b556adc6e86a", "embedding_context": {"embedding": {"x[2][0]": [1955], "x[2][1]": [4015], "x[1][0]": [3940], "y[1]": [2075], "x[1][1]": [4031, 2060], "x[0][1]": [2016], "x[1][2]": [2090, 4105], "y[2]": [1970], "x[2][2]": [4045, 1986], "y[0]": [2031], "x[0][2]": [4046], "x[0][0]": [2045, 4000]}, "chain_break_method": "majority_vote", "embedding_parameters": {}, "chain_strength": 2.630953817395873}}}